Worker ID,Input Number,Result
1,386,148996
3,814,662596
2,810,656100
2,438,191844
3,921,848241
1,707,499849
1,894,799236
3,737,543169
3,813,660969
1,354,125316
1,636,404496
3,456,207936
3,265,70225
1,947,896809
1,179,32041
3,390,152100
3,578,334084
2,22,484
1,939,881721
2,806,649636
3,151,22801
2,908,824464
1,251,63001
1,538,289444
3,739,546121
2,393,154449
3,712,506944
1,79,6241
1,184,33856
2,330,108900
3,992,984064
2,992,984064
1,924,853776
2,594,352836
2,748,559504
3,498,248004
3,78,6084
2,335,112225
2,706,498436
3,901,811801
3,139,19321
1,61,3721
3,7,49
3,525,275625
2,525,275625
3,191,36481
1,117,13689
1,690,476100
2,757,573049
3,987,974169
2,895,801025
1,252,63504
2,835,697225
3,795,632025
3,554,306916
2,404,163216
2,453,205209
2,611,373321
2,406,164836
2,916,839056
1,671,450241
3,887,786769
2,20,400
1,559,312481
2,951,904401
2,581,337561
2,390,152100
1,244,59536
3,524,274576
3,775,600625
1,36,1296
1,238,56644
3,275,75625
2,695,483025
2,648,419904
3,520,270400
3,456,207936
2,804,646416
1,310,96100
1,526,276676
2,66,4356
2,230,52900
1,907,822649
3,186,34596
3,531,281961
1,15,225
1,286,81796
3,258,66564
2,582,338724
2,849,720801
3,979,958441
3,665,442225
2,4,16
1,828,685584
1,694,481636
2,829,687241
2,517,267289
1,495,245025
2,623,388129
3,562,315844
